-- phpMyAdmin SQL Dump
-- version 5.2.1
-- https://www.phpmyadmin.net/
--
-- Hôte : 127.0.0.1
-- Généré le : ven. 14 juin 2024 à 00:55
-- Version du serveur : 10.4.32-MariaDB
-- Version de PHP : 8.2.12

SET SQL_MODE = "NO_AUTO_VALUE_ON_ZERO";
START TRANSACTION;
SET time_zone = "+00:00";


/*!40101 SET @OLD_CHARACTER_SET_CLIENT=@@CHARACTER_SET_CLIENT */;
/*!40101 SET @OLD_CHARACTER_SET_RESULTS=@@CHARACTER_SET_RESULTS */;
/*!40101 SET @OLD_COLLATION_CONNECTION=@@COLLATION_CONNECTION */;
/*!40101 SET NAMES utf8mb4 */;

--
-- Base de données : `ecf1`
--

-- --------------------------------------------------------

--
-- Structure de la table `commande`
--

CREATE TABLE `commande` (
  `id_commande` int(11) NOT NULL,
  `numero_commande` varchar(11) NOT NULL,
  `id_utilisateur` int(11) NOT NULL,
  `id_produit` int(11) NOT NULL,
  `quantite` int(11) NOT NULL
) ENGINE=InnoDB DEFAULT CHARSET=utf8mb4 COLLATE=utf8mb4_general_ci;

--
-- Déchargement des données de la table `commande`
--

INSERT INTO `commande` (`id_commande`, `numero_commande`, `id_utilisateur`, `id_produit`, `quantite`) VALUES
(90, '2147483647', 1, 0, 0),
(91, '2147483647', 1, 0, 0),
(108, '2147483647', 1, 0, 0),
(109, '2147483647', 1, 0, 0),
(110, '2147483647', 1, 0, 0),
(111, '2147483647', 1, 0, 0),
(112, '2147483647', 1, 0, 0),
(113, '2147483647', 1, 0, 0),
(114, '2147483647', 1, 0, 0),
(115, '2147483647', 1, 0, 0),
(116, '2147483647', 1, 0, 0),
(117, '2147483647', 1, 0, 0),
(118, '2147483647', 1, 0, 0),
(119, '2147483647', 1, 0, 0),
(120, '2147483647', 1, 0, 0),
(121, '2147483647', 1, 0, 0),
(122, '2147483647', 1, 0, 0),
(123, '2147483647', 1, 0, 0),
(124, '2147483647', 1, 0, 0),
(125, '2147483647', 1, 0, 0),
(126, '2147483647', 1, 0, 0),
(127, '2147483647', 1, 0, 0),
(128, '2147483647', 1, 0, 0),
(129, '2147483647', 1, 0, 0),
(130, '2147483647', 1, 0, 0),
(131, '2147483647', 1, 0, 0),
(132, '2147483647', 1, 0, 0),
(133, '2147483647', 1, 0, 0),
(134, '2147483647', 1, 0, 0),
(135, '2147483647', 1, 0, 0),
(136, '2147483647', 1, 0, 0),
(137, '2147483647', 1, 0, 0),
(138, '2147483647', 1, 0, 0),
(139, '2147483647', 1, 0, 0),
(140, '2147483647', 1, 0, 0),
(141, '2147483647', 1, 0, 0),
(142, '2147483647', 1, 0, 0),
(143, '2147483647', 1, 0, 0),
(144, '2147483647', 1, 0, 0),
(145, '2147483647', 1, 0, 0),
(146, '2147483647', 1, 0, 0),
(147, '2147483647', 1, 0, 0),
(148, '2147483647', 1, 0, 0),
(149, '2147483647', 1, 0, 0),
(150, '2147483647', 1, 0, 0),
(151, '2147483647', 1, 0, 0),
(152, '2147483647', 1, 0, 0),
(153, '2147483647', 1, 0, 0),
(154, '2147483647', 1, 0, 0),
(155, '2147483647', 1, 0, 0),
(156, '2147483647', 1, 0, 0),
(157, '2147483647', 1, 0, 0),
(158, '2147483647', 1, 0, 0),
(159, '2147483647', 1, 0, 0),
(160, '2147483647', 1, 0, 0),
(161, '2147483647', 1, 0, 0),
(162, '2147483647', 1, 0, 0),
(163, '2147483647', 1, 0, 0),
(164, '2147483647', 1, 0, 0),
(165, '2147483647', 1, 0, 0),
(166, '2147483647', 1, 0, 0),
(167, '2147483647', 1, 0, 0),
(168, '2147483647', 1, 0, 0),
(169, '2147483647', 1, 0, 0),
(170, '2147483647', 1, 0, 0),
(171, '2147483647', 1, 0, 0),
(172, '2147483647', 1, 0, 0),
(173, '2147483647', 1, 0, 0),
(174, '2147483647', 1, 0, 0),
(175, '2147483647', 1, 0, 0),
(176, '2147483647', 1, 0, 0),
(177, '2147483647', 1, 0, 0),
(178, '2147483647', 1, 0, 0),
(179, '2147483647', 1, 0, 0),
(180, '2147483647', 1, 0, 0),
(181, '2147483647', 1, 0, 0),
(182, '2147483647', 1, 0, 0),
(183, '2147483647', 1, 0, 0),
(184, '2147483647', 1, 2, 0),
(185, '2147483647', 1, 2, 0),
(186, '2147483647', 1, 2, 0),
(187, '2147483647', 1, 2, 0),
(188, '2147483647', 1, 2, 0),
(189, '2147483647', 1, 2, 0),
(190, '2147483647', 1, 2, 0),
(191, '2147483647', 1, 2, 0),
(192, '2147483647', 1, 2, 0),
(193, '2147483647', 1, 2, 0),
(194, '2147483647', 1, 2, 0),
(195, '2147483647', 1, 2, 0),
(196, '2147483647', 1, 2, 0),
(197, '2147483647', 1, 2, 0),
(198, '2147483647', 1, 2, 0),
(199, '2147483647', 1, 2, 0),
(200, '2147483647', 1, 2, 0),
(201, '2147483647', 1, 2, 0),
(202, '2147483647', 1, 2, 0),
(203, '2147483647', 1, 2, 0),
(204, '2147483647', 1, 2, 0),
(205, '2147483647', 1, 2, 0),
(206, '2147483647', 1, 2, 0),
(207, '2147483647', 1, 2, 0),
(208, '2147483647', 1, 2, 0),
(209, '2147483647', 1, 2, 0),
(210, '2147483647', 1, 2, 0),
(211, '2147483647', 1, 2, 0),
(212, '2147483647', 1, 2, 0),
(213, '2147483647', 1, 2, 0),
(214, '2147483647', 1, 2, 0),
(215, '2147483647', 1, 2, 0),
(216, '2147483647', 1, 2, 0),
(217, '2147483647', 1, 2, 0),
(218, '2147483647', 1, 2, 0),
(219, '2147483647', 1, 2, 0),
(220, '2147483647', 1, 2, 0),
(221, '2147483647', 1, 2, 0),
(222, '2147483647', 1, 2, 0),
(223, '2147483647', 1, 2, 0),
(224, '2147483647', 1, 2, 0),
(225, '2147483647', 1, 2, 0),
(226, '2147483647', 1, 2, 0),
(227, '2147483647', 1, 2, 0),
(228, '2147483647', 1, 2, 0),
(229, '2147483647', 1, 2, 0),
(230, '2147483647', 1, 2, 0),
(231, '2147483647', 1, 2, 0),
(232, '2147483647', 1, 2, 0),
(233, '2147483647', 1, 2, 0),
(234, '2147483647', 1, 2, 0),
(235, '2147483647', 1, 2, 0),
(236, '2147483647', 1, 2, 0),
(237, '2147483647', 1, 2, 0),
(238, '2147483647', 1, 2, 0),
(239, '2147483647', 1, 2, 0),
(240, '2147483647', 1, 2, 0),
(241, '2147483647', 1, 2, 0),
(242, '2147483647', 1, 2, 0),
(243, '2147483647', 1, 2, 0),
(244, '2147483647', 1, 2, 0),
(245, '2147483647', 1, 2, 0),
(246, '2147483647', 1, 2, 0),
(247, '2147483647', 1, 2, 0),
(248, '2147483647', 1, 2, 0),
(249, '2147483647', 1, 2, 0),
(250, '2147483647', 1, 2, 0),
(251, '2147483647', 1, 2, 0),
(252, '2147483647', 1, 2, 0),
(253, '2147483647', 1, 2, 0),
(254, '2147483647', 1, 2, 0),
(255, '2147483647', 1, 2, 0),
(256, '2147483647', 1, 2, 0),
(257, '2147483647', 1, 2, 0),
(258, '2147483647', 1, 2, 0),
(259, '2147483647', 1, 2, 0),
(260, '2147483647', 1, 2, 0),
(261, '2147483647', 1, 2, 0),
(262, '2147483647', 1, 2, 0),
(263, '2147483647', 1, 2, 0),
(264, '2147483647', 1, 2, 0),
(265, '2147483647', 1, 2, 0),
(266, '2147483647', 1, 2, 0),
(267, '2147483647', 1, 2, 0),
(268, '2147483647', 1, 2, 0),
(269, '2147483647', 1, 2, 0),
(270, '2147483647', 1, 2, 0),
(271, '2147483647', 1, 2, 0),
(272, '2147483647', 1, 2, 0),
(273, '2147483647', 1, 2, 0),
(274, '2147483647', 1, 2, 0),
(275, '2147483647', 1, 2, 0),
(276, '2147483647', 1, 2, 0),
(277, '2147483647', 1, 2, 0),
(278, '2147483647', 1, 2, 0),
(279, '2147483647', 1, 2, 0),
(280, '2147483647', 1, 2, 0),
(281, '2147483647', 1, 2, 0),
(282, '2147483647', 1, 2, 0),
(283, '2147483647', 1, 2, 0),
(284, '2147483647', 1, 2, 0),
(285, '2147483647', 1, 2, 0),
(286, '2147483647', 1, 2, 0),
(287, '2147483647', 1, 2, 0),
(288, '2147483647', 1, 2, 0),
(289, '2147483647', 1, 2, 0),
(290, '2147483647', 1, 2, 0),
(291, '2147483647', 1, 2, 0),
(292, '2147483647', 1, 2, 0),
(293, '2147483647', 1, 2, 0),
(294, '2147483647', 1, 2, 0),
(295, '2147483647', 1, 2, 0),
(296, '2147483647', 1, 2, 0),
(297, '2147483647', 1, 2, 0),
(298, '2147483647', 1, 2, 0),
(299, '2147483647', 1, 2, 0),
(300, '2147483647', 1, 2, 0),
(301, '2147483647', 1, 2, 0),
(302, '2147483647', 1, 2, 0),
(303, '2147483647', 1, 2, 0),
(304, '2147483647', 1, 2, 0),
(305, '2147483647', 1, 2, 0),
(306, '2147483647', 1, 2, 0),
(307, '2147483647', 1, 2, 0),
(308, '2147483647', 1, 2, 0),
(309, '2147483647', 1, 2, 0),
(310, '2147483647', 1, 2, 0),
(311, '2147483647', 1, 2, 0),
(312, '2147483647', 1, 2, 0),
(313, '2147483647', 1, 2, 0),
(314, '2147483647', 1, 2, 0),
(315, '2147483647', 1, 2, 0),
(316, '2147483647', 1, 2, 0),
(317, '2147483647', 1, 2, 0),
(318, '2147483647', 1, 2, 0),
(319, '2147483647', 1, 2, 0),
(320, '2147483647', 1, 2, 0),
(321, '2147483647', 1, 2, 0),
(322, '2147483647', 1, 2, 0),
(323, '2147483647', 1, 2, 0),
(324, '2147483647', 1, 2, 0),
(325, '2147483647', 1, 2, 0),
(326, '2147483647', 1, 2, 0),
(327, '2147483647', 1, 2, 0),
(328, '2147483647', 1, 2, 0),
(329, '2147483647', 1, 2, 0),
(330, '2147483647', 1, 2, 0),
(331, '2147483647', 1, 2, 0),
(332, '2147483647', 1, 2, 0),
(333, '2147483647', 1, 2, 0),
(334, '2147483647', 1, 2, 0),
(335, '2147483647', 1, 2, 0),
(336, '2147483647', 1, 2, 0),
(337, '2147483647', 1, 2, 0),
(338, '2147483647', 1, 2, 0),
(339, '2147483647', 1, 2, 0),
(340, '2147483647', 1, 2, 0),
(341, '2147483647', 1, 2, 0),
(342, '2147483647', 1, 2, 0),
(343, '2147483647', 1, 2, 0),
(344, '2147483647', 1, 2, 0),
(345, '2147483647', 1, 2, 0),
(346, '2147483647', 1, 2, 0),
(347, '2147483647', 1, 2, 0),
(348, '2147483647', 1, 2, 0),
(349, '2147483647', 1, 2, 0),
(350, '2147483647', 1, 2, 0),
(351, '2147483647', 1, 2, 0),
(352, '2147483647', 1, 2, 0),
(353, '2147483647', 1, 2, 0),
(354, '2147483647', 1, 2, 0),
(355, '2147483647', 1, 2, 0),
(356, '2147483647', 1, 2, 0),
(357, '2147483647', 1, 2, 0),
(358, '2147483647', 1, 2, 0),
(359, '2147483647', 1, 2, 0),
(360, '2147483647', 1, 2, 0),
(361, '2147483647', 1, 2, 0),
(362, '2147483647', 1, 2, 0),
(363, '2147483647', 1, 2, 0),
(364, '2147483647', 1, 2, 0),
(365, '2147483647', 1, 2, 0),
(366, '2147483647', 1, 2, 0),
(367, '2147483647', 1, 2, 0),
(368, '2147483647', 1, 2, 0),
(369, '2147483647', 1, 2, 0),
(370, '2147483647', 1, 2, 0),
(371, '2147483647', 1, 2, 0),
(372, '2147483647', 1, 2, 0),
(373, '2147483647', 1, 2, 0),
(374, '2147483647', 1, 2, 0),
(375, '2147483647', 1, 2, 0),
(376, '2147483647', 1, 2, 0),
(377, '2147483647', 1, 2, 0),
(378, '2147483647', 1, 2, 0),
(379, '2147483647', 1, 2, 0),
(380, '2147483647', 1, 2, 0),
(381, '2147483647', 1, 2, 0),
(382, '2147483647', 1, 2, 0),
(383, '2147483647', 1, 2, 0),
(384, '2147483647', 1, 2, 0),
(385, '2147483647', 1, 2, 0),
(386, '2147483647', 1, 2, 0),
(387, '2147483647', 1, 2, 0),
(388, '2147483647', 1, 2, 0),
(389, '2147483647', 1, 2, 0),
(390, '2147483647', 1, 2, 0),
(391, '2147483647', 1, 2, 0),
(392, '2147483647', 1, 2, 0),
(393, '2147483647', 1, 2, 0),
(394, '2147483647', 1, 2, 0),
(395, '2147483647', 1, 2, 0),
(396, '2147483647', 1, 2, 0),
(397, '2147483647', 1, 2, 0),
(398, '2147483647', 1, 2, 0),
(399, '2147483647', 1, 2, 0),
(400, '2147483647', 1, 2, 0),
(401, '2147483647', 1, 2, 0),
(402, '2147483647', 1, 2, 0),
(403, '2147483647', 1, 2, 0),
(404, '2147483647', 1, 2, 0),
(405, '2147483647', 1, 2, 0),
(406, '2147483647', 1, 2, 0),
(407, '2147483647', 1, 2, 0),
(408, '2147483647', 1, 2, 0),
(409, '2147483647', 1, 2, 0),
(410, '2147483647', 1, 2, 0),
(411, '2147483647', 1, 2, 0),
(412, '2147483647', 1, 2, 0),
(413, '2147483647', 1, 2, 0),
(414, '2147483647', 1, 2, 0),
(415, '2147483647', 1, 2, 0),
(416, '2147483647', 1, 2, 0),
(417, '2147483647', 1, 2, 0),
(418, '2147483647', 1, 2, 0),
(419, '2147483647', 1, 2, 0),
(420, '2147483647', 1, 2, 0),
(421, '2147483647', 1, 2, 0),
(422, '2147483647', 1, 2, 0),
(423, '2147483647', 1, 2, 0),
(424, '2147483647', 1, 2, 0),
(425, '2147483647', 1, 2, 0),
(426, '2147483647', 1, 2, 0),
(427, '2147483647', 1, 2, 0),
(428, '2147483647', 1, 2, 0),
(429, '2147483647', 1, 2, 0),
(430, '2147483647', 1, 2, 0),
(431, '2147483647', 1, 2, 0),
(432, '2147483647', 1, 2, 0),
(433, '2147483647', 1, 2, 0),
(434, '2147483647', 1, 2, 0),
(435, '2147483647', 1, 2, 0),
(436, '2147483647', 1, 2, 0),
(437, '2147483647', 1, 2, 0),
(438, '2147483647', 1, 2, 0),
(439, '2147483647', 1, 2, 0),
(440, '2147483647', 1, 2, 0),
(441, '2147483647', 1, 2, 0),
(442, '2147483647', 1, 2, 0),
(443, '2147483647', 1, 2, 0),
(444, '2147483647', 1, 2, 0),
(445, '2147483647', 1, 2, 0),
(446, '2147483647', 1, 2, 0),
(447, '2147483647', 1, 2, 0),
(448, '2147483647', 1, 2, 0),
(449, '2147483647', 1, 2, 0),
(450, '2147483647', 1, 2, 0),
(451, '2147483647', 1, 2, 0),
(452, '2147483647', 1, 2, 0),
(453, '2147483647', 1, 2, 0),
(454, '2147483647', 1, 2, 0),
(455, '2147483647', 1, 2, 0),
(456, '2147483647', 1, 2, 0),
(457, '2147483647', 1, 2, 0),
(458, '2147483647', 1, 2, 0),
(459, '2147483647', 1, 2, 0),
(460, '2147483647', 1, 2, 0),
(461, '2147483647', 1, 2, 0),
(462, '2147483647', 1, 2, 0),
(463, '2147483647', 1, 2, 0),
(464, '2147483647', 1, 2, 0),
(465, '2147483647', 1, 2, 0),
(466, '2147483647', 1, 2, 0),
(467, '2147483647', 1, 2, 0),
(468, '2147483647', 1, 2, 0),
(469, '2147483647', 1, 2, 0),
(470, '2147483647', 1, 2, 0),
(471, '2147483647', 1, 2, 0),
(472, '2147483647', 1, 2, 0),
(473, '2147483647', 1, 2, 0),
(474, '2147483647', 1, 2, 0),
(475, '2147483647', 1, 2, 0),
(476, '2147483647', 1, 2, 0),
(477, '2147483647', 1, 2, 0),
(478, '2147483647', 1, 2, 0),
(479, '2147483647', 1, 2, 0),
(480, '2147483647', 1, 2, 0),
(481, '2147483647', 1, 2, 0),
(482, '2147483647', 1, 2, 0),
(483, '2147483647', 1, 2, 0),
(484, '2147483647', 1, 2, 0),
(485, '2147483647', 1, 2, 0),
(486, '2147483647', 1, 2, 0),
(487, '2147483647', 1, 5, 0),
(488, '2147483647', 1, 6, 0),
(489, '2147483647', 1, 1, 0),
(490, '', 1, 2, 0),
(491, '', 1, 5, 0),
(492, '', 1, 6, 0),
(493, '', 1, 1, 0),
(494, '', 2, 6, 0),
(495, '', 2, 6, 0),
(496, '', 2, 6, 0),
(497, '', 2, 6, 0);

-- --------------------------------------------------------

--
-- Structure de la table `produit`
--

CREATE TABLE `produit` (
  `id_produit` int(11) NOT NULL,
  `name` varchar(30) NOT NULL,
  `price` decimal(15,0) NOT NULL
) ENGINE=InnoDB DEFAULT CHARSET=utf8mb4 COLLATE=utf8mb4_general_ci;

--
-- Déchargement des données de la table `produit`
--

INSERT INTO `produit` (`id_produit`, `name`, `price`) VALUES
(1, 'Magnet', 5),
(2, 'Bougeoir', 15),
(3, 'Marque-page', 6),
(4, 'Sculpture cerf', 83),
(5, 'Centre de table', 37),
(6, 'Sac en toile', 12),
(7, 'Lampe', 52),
(8, 'Porte-stylo', 12),
(9, 'Boite', 16),
(10, 'Lot de bougeoirs', 28),
(11, 'Collier', 18),
(12, 'Porte-clef', 10);

-- --------------------------------------------------------

--
-- Structure de la table `utilisateur`
--

CREATE TABLE `utilisateur` (
  `id_utilisateur` int(11) NOT NULL,
  `email` varchar(200) NOT NULL,
  `password` varchar(250) NOT NULL,
  `lastname` varchar(50) NOT NULL,
  `firstname` varchar(50) NOT NULL
) ENGINE=InnoDB DEFAULT CHARSET=utf8mb4 COLLATE=utf8mb4_general_ci;

--
-- Déchargement des données de la table `utilisateur`
--

INSERT INTO `utilisateur` (`id_utilisateur`, `email`, `password`, `lastname`, `firstname`) VALUES
(1, 'laetitia.stz@gmail.com', 'qsdf', 'Bellee', 'Angélique'),
(2, 'laeti@gmail.com', 'azerty', 'Masedon', 'Loïca'),
(3, 'rgonnel2@marriott.com', 'vd55d', 'Gonnel', 'Pò'),
(4, 'rpaulot3@soundcloud.com', 'dvVDS', 'Paulot', 'Maïly'),
(5, 'edurant4@chicagotribune.com', 'dVSDDSV', 'Durant', 'Miléna'),
(6, 'apomfrett5@sphinn.com', 'bomcwx', 'Pomfrett', 'Daphnée'),
(7, 'tpress6@loc.gov', '456', 'Press', 'Alizée'),
(8, 'bcharke7@bizjournals.com', '123', 'Charke', 'Adélie'),
(9, 'hroistone8@nih.gov', 'def', 'Roistone', 'Yè'),
(10, 'kgripton9@macromedia.com', 'Abc', 'Gripton', 'Salomé');

--
-- Index pour les tables déchargées
--

--
-- Index pour la table `commande`
--
ALTER TABLE `commande`
  ADD PRIMARY KEY (`id_commande`),
  ADD KEY `fk_utilisateur` (`id_utilisateur`),
  ADD KEY `fk_produit_id_produit` (`id_produit`);

--
-- Index pour la table `produit`
--
ALTER TABLE `produit`
  ADD PRIMARY KEY (`id_produit`);

--
-- Index pour la table `utilisateur`
--
ALTER TABLE `utilisateur`
  ADD PRIMARY KEY (`id_utilisateur`);

--
-- AUTO_INCREMENT pour les tables déchargées
--

--
-- AUTO_INCREMENT pour la table `commande`
--
ALTER TABLE `commande`
  MODIFY `id_commande` int(11) NOT NULL AUTO_INCREMENT, AUTO_INCREMENT=498;

--
-- AUTO_INCREMENT pour la table `produit`
--
ALTER TABLE `produit`
  MODIFY `id_produit` int(11) NOT NULL AUTO_INCREMENT, AUTO_INCREMENT=13;

--
-- AUTO_INCREMENT pour la table `utilisateur`
--
ALTER TABLE `utilisateur`
  MODIFY `id_utilisateur` int(11) NOT NULL AUTO_INCREMENT, AUTO_INCREMENT=11;
COMMIT;

/*!40101 SET CHARACTER_SET_CLIENT=@OLD_CHARACTER_SET_CLIENT */;
/*!40101 SET CHARACTER_SET_RESULTS=@OLD_CHARACTER_SET_RESULTS */;
/*!40101 SET COLLATION_CONNECTION=@OLD_COLLATION_CONNECTION */;
